captured_kst,language,positive,negative,total,positive_ratio
2026-06-19 17:45:39,all,231,88,319,0.7241
2026-06-19 17:45:39,schinese,82,60,142,0.5775
2026-06-19 17:45:39,english,66,4,70,0.9429
2026-06-19 17:45:39,koreana,41,8,49,0.8367
2026-06-19 17:45:39,tchinese,15,13,28,0.5357
2026-06-19 17:45:39,russian,7,1,8,0.875
2026-06-19 17:45:39,brazilian,3,0,3,1.0
2026-06-19 17:45:39,latam,3,0,3,1.0
2026-06-19 17:45:39,turkish,3,0,3,1.0
2026-06-19 17:45:39,spanish,2,1,3,0.6667
2026-06-19 17:45:39,thai,2,0,2,1.0
2026-06-19 17:45:39,french,2,0,2,1.0
2026-06-19 17:45:39,ukrainian,2,0,2,1.0
2026-06-19 17:45:39,german,2,0,2,1.0
2026-06-19 17:45:39,vietnamese,0,1,1,0.0
2026-06-19 17:45:39,japanese,1,0,1,1.0
2026-06-19 17:54:08,all,231,88,319,0.7241
2026-06-19 17:54:08,schinese,82,60,142,0.5775
2026-06-19 17:54:08,english,66,4,70,0.9429
2026-06-19 17:54:08,koreana,41,8,49,0.8367
2026-06-19 17:54:08,tchinese,15,13,28,0.5357
2026-06-19 17:54:08,russian,7,1,8,0.875
2026-06-19 17:54:08,brazilian,3,0,3,1.0
2026-06-19 17:54:08,latam,3,0,3,1.0
2026-06-19 17:54:08,turkish,3,0,3,1.0
2026-06-19 17:54:08,spanish,2,1,3,0.6667
2026-06-19 17:54:08,thai,2,0,2,1.0
2026-06-19 17:54:08,french,2,0,2,1.0
2026-06-19 17:54:08,ukrainian,2,0,2,1.0
2026-06-19 17:54:08,german,2,0,2,1.0
2026-06-19 17:54:08,vietnamese,0,1,1,0.0
2026-06-19 17:54:08,japanese,1,0,1,1.0
2026-06-19 18:07:04,all,231,88,319,0.7241
2026-06-19 18:07:04,schinese,82,60,142,0.5775
2026-06-19 18:07:04,english,66,4,70,0.9429
2026-06-19 18:07:04,koreana,41,8,49,0.8367
2026-06-19 18:07:04,tchinese,15,13,28,0.5357
2026-06-19 18:07:04,russian,7,1,8,0.875
2026-06-19 18:07:04,brazilian,3,0,3,1.0
2026-06-19 18:07:04,latam,3,0,3,1.0
2026-06-19 18:07:04,turkish,3,0,3,1.0
2026-06-19 18:07:04,spanish,2,1,3,0.6667
2026-06-19 18:07:04,thai,2,0,2,1.0
2026-06-19 18:07:04,french,2,0,2,1.0
2026-06-19 18:07:04,ukrainian,2,0,2,1.0
2026-06-19 18:07:04,german,2,0,2,1.0
2026-06-19 18:07:04,vietnamese,0,1,1,0.0
2026-06-19 18:07:04,japanese,1,0,1,1.0
2026-06-19 18:12:46,all,235,92,327,0.7187
2026-06-19 18:12:46,schinese,84,62,146,0.5753
2026-06-19 18:12:46,english,68,5,73,0.9315
2026-06-19 18:12:46,koreana,41,8,49,0.8367
2026-06-19 18:12:46,tchinese,15,14,29,0.5172
2026-06-19 18:12:46,russian,7,1,8,0.875
2026-06-19 18:12:46,brazilian,3,0,3,1.0
2026-06-19 18:12:46,latam,3,0,3,1.0
2026-06-19 18:12:46,turkish,3,0,3,1.0
2026-06-19 18:12:46,spanish,2,1,3,0.6667
2026-06-19 18:12:46,thai,2,0,2,1.0
2026-06-19 18:12:46,french,2,0,2,1.0
2026-06-19 18:12:46,ukrainian,2,0,2,1.0
2026-06-19 18:12:46,german,2,0,2,1.0
2026-06-19 18:12:46,vietnamese,0,1,1,0.0
2026-06-19 18:12:46,japanese,1,0,1,1.0
2026-06-19 18:25:55,all,235,92,327,0.7187
2026-06-19 18:25:55,schinese,84,62,146,0.5753
2026-06-19 18:25:55,english,68,5,73,0.9315
2026-06-19 18:25:55,koreana,41,8,49,0.8367
2026-06-19 18:25:55,tchinese,15,14,29,0.5172
2026-06-19 18:25:55,russian,7,1,8,0.875
2026-06-19 18:25:55,brazilian,3,0,3,1.0
2026-06-19 18:25:55,latam,3,0,3,1.0
2026-06-19 18:25:55,turkish,3,0,3,1.0
2026-06-19 18:25:55,spanish,2,1,3,0.6667
2026-06-19 18:25:55,thai,2,0,2,1.0
2026-06-19 18:25:55,french,2,0,2,1.0
2026-06-19 18:25:55,ukrainian,2,0,2,1.0
2026-06-19 18:25:55,german,2,0,2,1.0
2026-06-19 18:25:55,vietnamese,0,1,1,0.0
2026-06-19 18:25:55,japanese,1,0,1,1.0
2026-06-19 18:33:05,all,235,92,327,0.7187
2026-06-19 18:33:05,schinese,84,62,146,0.5753
2026-06-19 18:33:05,english,68,5,73,0.9315
2026-06-19 18:33:05,koreana,41,8,49,0.8367
2026-06-19 18:33:05,tchinese,15,14,29,0.5172
2026-06-19 18:33:05,russian,7,1,8,0.875
2026-06-19 18:33:05,brazilian,3,0,3,1.0
2026-06-19 18:33:05,latam,3,0,3,1.0
2026-06-19 18:33:05,turkish,3,0,3,1.0
2026-06-19 18:33:05,spanish,2,1,3,0.6667
2026-06-19 18:33:05,thai,2,0,2,1.0
2026-06-19 18:33:05,french,2,0,2,1.0
2026-06-19 18:33:05,ukrainian,2,0,2,1.0
2026-06-19 18:33:05,german,2,0,2,1.0
2026-06-19 18:33:05,vietnamese,0,1,1,0.0
2026-06-19 18:33:05,japanese,1,0,1,1.0
2026-06-19 19:00:08,all,235,92,327,0.7187
2026-06-19 19:00:08,schinese,84,62,146,0.5753
2026-06-19 19:00:08,english,68,5,73,0.9315
2026-06-19 19:00:08,koreana,41,8,49,0.8367
2026-06-19 19:00:08,tchinese,15,14,29,0.5172
2026-06-19 19:00:08,russian,7,1,8,0.875
2026-06-19 19:00:08,brazilian,3,0,3,1.0
2026-06-19 19:00:08,latam,3,0,3,1.0
2026-06-19 19:00:08,turkish,3,0,3,1.0
2026-06-19 19:00:08,spanish,2,1,3,0.6667
2026-06-19 19:00:08,thai,2,0,2,1.0
2026-06-19 19:00:08,french,2,0,2,1.0
2026-06-19 19:00:08,ukrainian,2,0,2,1.0
2026-06-19 19:00:08,german,2,0,2,1.0
2026-06-19 19:00:08,vietnamese,0,1,1,0.0
2026-06-19 19:00:08,japanese,1,0,1,1.0
2026-06-19 19:14:36,collected_all,235,92,327,0.7187
2026-06-19 19:14:36,steam_official,239,96,335,0.7134
2026-06-19 19:14:36,steam_with_offtopic,239,96,335,0.7134
2026-06-19 19:14:36,schinese,84,62,146,0.5753
2026-06-19 19:14:36,english,68,5,73,0.9315
2026-06-19 19:14:36,koreana,41,8,49,0.8367
2026-06-19 19:14:36,tchinese,15,14,29,0.5172
2026-06-19 19:14:36,russian,7,1,8,0.875
2026-06-19 19:14:36,brazilian,3,0,3,1.0
2026-06-19 19:14:36,latam,3,0,3,1.0
2026-06-19 19:14:36,turkish,3,0,3,1.0
2026-06-19 19:14:36,spanish,2,1,3,0.6667
2026-06-19 19:14:36,thai,2,0,2,1.0
2026-06-19 19:14:36,french,2,0,2,1.0
2026-06-19 19:14:36,ukrainian,2,0,2,1.0
2026-06-19 19:14:36,german,2,0,2,1.0
2026-06-19 19:14:36,vietnamese,0,1,1,0.0
2026-06-19 19:14:36,japanese,1,0,1,1.0
2026-06-19 19:28:16,collected_base,241,98,339,0.7109
2026-06-19 19:28:16,steam_official,239,96,335,0.7134
2026-06-19 19:28:16,offtopic_count,,,0,
2026-06-19 19:28:16,deleted_count,,,0,
2026-06-19 19:28:16,schinese,88,67,155,0.5677
2026-06-19 19:28:16,english,68,5,73,0.9315
2026-06-19 19:28:16,koreana,41,9,50,0.82
2026-06-19 19:28:16,tchinese,16,14,30,0.5333
2026-06-19 19:28:16,russian,8,1,9,0.8889
2026-06-19 19:28:16,brazilian,3,0,3,1.0
2026-06-19 19:28:16,latam,3,0,3,1.0
2026-06-19 19:28:16,turkish,3,0,3,1.0
2026-06-19 19:28:16,spanish,2,1,3,0.6667
2026-06-19 19:28:16,thai,2,0,2,1.0
2026-06-19 19:28:16,french,2,0,2,1.0
2026-06-19 19:28:16,ukrainian,2,0,2,1.0
2026-06-19 19:28:16,german,2,0,2,1.0
2026-06-19 19:28:16,vietnamese,0,1,1,0.0
2026-06-19 19:28:16,japanese,1,0,1,1.0
2026-06-19 19:38:53,collected_base,241,98,339,0.7109
2026-06-19 19:38:53,steam_official,239,96,335,0.7134
2026-06-19 19:38:53,offtopic_count,,,0,
2026-06-19 19:38:53,deleted_count,,,0,
2026-06-19 19:38:53,schinese,88,67,155,0.5677
2026-06-19 19:38:53,english,68,5,73,0.9315
2026-06-19 19:38:53,koreana,41,9,50,0.82
2026-06-19 19:38:53,tchinese,16,14,30,0.5333
2026-06-19 19:38:53,russian,8,1,9,0.8889
2026-06-19 19:38:53,brazilian,3,0,3,1.0
2026-06-19 19:38:53,latam,3,0,3,1.0
2026-06-19 19:38:53,turkish,3,0,3,1.0
2026-06-19 19:38:53,spanish,2,1,3,0.6667
2026-06-19 19:38:53,thai,2,0,2,1.0
2026-06-19 19:38:53,french,2,0,2,1.0
2026-06-19 19:38:53,ukrainian,2,0,2,1.0
2026-06-19 19:38:53,german,2,0,2,1.0
2026-06-19 19:38:53,vietnamese,0,1,1,0.0
2026-06-19 19:38:53,japanese,1,0,1,1.0
2026-06-19 20:38:28,collected_base,248,102,350,0.7086
2026-06-19 20:38:28,steam_official,246,100,346,0.711
2026-06-19 20:38:28,offtopic_count,,,0,
2026-06-19 20:38:28,deleted_count,,,0,
2026-06-19 20:38:28,schinese,91,70,161,0.5652
2026-06-19 20:38:28,english,70,5,75,0.9333
2026-06-19 20:38:28,koreana,42,9,51,0.8235
2026-06-19 20:38:28,tchinese,16,15,31,0.5161
2026-06-19 20:38:28,russian,8,1,9,0.8889
2026-06-19 20:38:28,brazilian,3,0,3,1.0
2026-06-19 20:38:28,thai,3,0,3,1.0
2026-06-19 20:38:28,latam,3,0,3,1.0
2026-06-19 20:38:28,turkish,3,0,3,1.0
2026-06-19 20:38:28,spanish,2,1,3,0.6667
2026-06-19 20:38:28,french,2,0,2,1.0
2026-06-19 20:38:28,ukrainian,2,0,2,1.0
2026-06-19 20:38:28,german,2,0,2,1.0
2026-06-19 20:38:28,vietnamese,0,1,1,0.0
2026-06-19 20:38:28,japanese,1,0,1,1.0
2026-06-19 20:51:33,collected_all,248,102,350,0.7086
2026-06-19 20:51:33,steam_total,246,100,346,0.711
2026-06-19 20:51:33,deleted_count,,,0,
2026-06-19 20:51:33,schinese,91,70,161,0.5652
2026-06-19 20:51:33,english,70,5,75,0.9333
2026-06-19 20:51:33,koreana,42,9,51,0.8235
2026-06-19 20:51:33,tchinese,16,15,31,0.5161
2026-06-19 20:51:33,russian,8,1,9,0.8889
2026-06-19 20:51:33,brazilian,3,0,3,1.0
2026-06-19 20:51:33,thai,3,0,3,1.0
2026-06-19 20:51:33,latam,3,0,3,1.0
2026-06-19 20:51:33,turkish,3,0,3,1.0
2026-06-19 20:51:33,spanish,2,1,3,0.6667
2026-06-19 20:51:33,french,2,0,2,1.0
2026-06-19 20:51:33,ukrainian,2,0,2,1.0
2026-06-19 20:51:33,german,2,0,2,1.0
2026-06-19 20:51:33,vietnamese,0,1,1,0.0
2026-06-19 20:51:33,japanese,1,0,1,1.0
2026-06-19 21:10:19,collected_all,248,102,350,0.7086
2026-06-19 21:10:19,steam_total,249,105,354,0.7034
2026-06-19 21:10:19,deleted_count,,,0,
2026-06-19 21:10:19,schinese,91,70,161,0.5652
2026-06-19 21:10:19,english,70,5,75,0.9333
2026-06-19 21:10:19,koreana,42,9,51,0.8235
2026-06-19 21:10:19,tchinese,16,15,31,0.5161
2026-06-19 21:10:19,russian,8,1,9,0.8889
2026-06-19 21:10:19,brazilian,3,0,3,1.0
2026-06-19 21:10:19,thai,3,0,3,1.0
2026-06-19 21:10:19,latam,3,0,3,1.0
2026-06-19 21:10:19,turkish,3,0,3,1.0
2026-06-19 21:10:19,spanish,2,1,3,0.6667
2026-06-19 21:10:19,french,2,0,2,1.0
2026-06-19 21:10:19,ukrainian,2,0,2,1.0
2026-06-19 21:10:19,german,2,0,2,1.0
2026-06-19 21:10:19,vietnamese,0,1,1,0.0
2026-06-19 21:10:19,japanese,1,0,1,1.0
2026-06-19 21:35:05,collected_all,248,102,350,0.7086
2026-06-19 21:35:05,steam_total,249,105,354,0.7034
2026-06-19 21:35:05,deleted_count,,,0,
2026-06-19 21:35:05,schinese,91,70,161,0.5652
2026-06-19 21:35:05,english,70,5,75,0.9333
2026-06-19 21:35:05,koreana,42,9,51,0.8235
2026-06-19 21:35:05,tchinese,16,15,31,0.5161
2026-06-19 21:35:05,russian,8,1,9,0.8889
2026-06-19 21:35:05,brazilian,3,0,3,1.0
2026-06-19 21:35:05,thai,3,0,3,1.0
2026-06-19 21:35:05,latam,3,0,3,1.0
2026-06-19 21:35:05,turkish,3,0,3,1.0
2026-06-19 21:35:05,spanish,2,1,3,0.6667
2026-06-19 21:35:05,french,2,0,2,1.0
2026-06-19 21:35:05,ukrainian,2,0,2,1.0
2026-06-19 21:35:05,german,2,0,2,1.0
2026-06-19 21:35:05,vietnamese,0,1,1,0.0
2026-06-19 21:35:05,japanese,1,0,1,1.0
2026-06-19 22:05:06,collected_all,248,102,350,0.7086
2026-06-19 22:05:06,steam_total,257,103,360,0.7139
2026-06-19 22:05:06,deleted_count,,,0,
2026-06-19 22:05:06,schinese,91,70,161,0.5652
2026-06-19 22:05:06,english,70,5,75,0.9333
2026-06-19 22:05:06,koreana,42,9,51,0.8235
2026-06-19 22:05:06,tchinese,16,15,31,0.5161
2026-06-19 22:05:06,russian,8,1,9,0.8889
2026-06-19 22:05:06,brazilian,3,0,3,1.0
2026-06-19 22:05:06,thai,3,0,3,1.0
2026-06-19 22:05:06,latam,3,0,3,1.0
2026-06-19 22:05:06,turkish,3,0,3,1.0
2026-06-19 22:05:06,spanish,2,1,3,0.6667
2026-06-19 22:05:06,french,2,0,2,1.0
2026-06-19 22:05:06,ukrainian,2,0,2,1.0
2026-06-19 22:05:06,german,2,0,2,1.0
2026-06-19 22:05:06,vietnamese,0,1,1,0.0
2026-06-19 22:05:06,japanese,1,0,1,1.0
2026-06-19 22:35:06,collected_all,260,103,363,0.7163
2026-06-19 22:35:06,steam_total,257,103,360,0.7139
2026-06-19 22:35:06,deleted_count,,,0,
2026-06-19 22:35:06,schinese,97,71,168,0.5774
2026-06-19 22:35:06,english,72,5,77,0.9351
2026-06-19 22:35:06,koreana,45,9,54,0.8333
2026-06-19 22:35:06,tchinese,17,15,32,0.5312
2026-06-19 22:35:06,russian,8,1,9,0.8889
2026-06-19 22:35:06,brazilian,3,0,3,1.0
2026-06-19 22:35:06,thai,3,0,3,1.0
2026-06-19 22:35:06,latam,3,0,3,1.0
2026-06-19 22:35:06,turkish,3,0,3,1.0
2026-06-19 22:35:06,spanish,2,1,3,0.6667
2026-06-19 22:35:06,french,2,0,2,1.0
2026-06-19 22:35:06,ukrainian,2,0,2,1.0
2026-06-19 22:35:06,german,2,0,2,1.0
2026-06-19 22:35:06,vietnamese,0,1,1,0.0
2026-06-19 22:35:06,japanese,1,0,1,1.0
2026-06-19 23:05:06,collected_all,260,103,363,0.7163
2026-06-19 23:05:06,steam_total,268,105,373,0.7185
2026-06-19 23:05:06,deleted_count,,,0,
2026-06-19 23:05:06,schinese,97,71,168,0.5774
2026-06-19 23:05:06,english,72,5,77,0.9351
2026-06-19 23:05:06,koreana,45,9,54,0.8333
2026-06-19 23:05:06,tchinese,17,15,32,0.5312
2026-06-19 23:05:06,russian,8,1,9,0.8889
2026-06-19 23:05:06,brazilian,3,0,3,1.0
2026-06-19 23:05:06,thai,3,0,3,1.0
2026-06-19 23:05:06,latam,3,0,3,1.0
2026-06-19 23:05:06,turkish,3,0,3,1.0
2026-06-19 23:05:06,spanish,2,1,3,0.6667
2026-06-19 23:05:06,french,2,0,2,1.0
2026-06-19 23:05:06,ukrainian,2,0,2,1.0
2026-06-19 23:05:06,german,2,0,2,1.0
2026-06-19 23:05:06,vietnamese,0,1,1,0.0
2026-06-19 23:05:06,japanese,1,0,1,1.0
2026-06-19 23:35:06,collected_all,269,105,374,0.7193
2026-06-19 23:35:06,steam_total,268,105,373,0.7185
2026-06-19 23:35:06,deleted_count,,,0,
2026-06-19 23:35:06,schinese,102,73,175,0.5829
2026-06-19 23:35:06,english,73,5,78,0.9359
2026-06-19 23:35:06,koreana,46,9,55,0.8364
2026-06-19 23:35:06,tchinese,18,15,33,0.5455
2026-06-19 23:35:06,russian,8,1,9,0.8889
2026-06-19 23:35:06,brazilian,3,0,3,1.0
2026-06-19 23:35:06,thai,3,0,3,1.0
2026-06-19 23:35:06,latam,3,0,3,1.0
2026-06-19 23:35:06,turkish,3,0,3,1.0
2026-06-19 23:35:06,spanish,2,1,3,0.6667
2026-06-19 23:35:06,french,2,0,2,1.0
2026-06-19 23:35:06,ukrainian,2,0,2,1.0
2026-06-19 23:35:06,german,2,0,2,1.0
2026-06-19 23:35:06,vietnamese,0,1,1,0.0
2026-06-19 23:35:06,japanese,1,0,1,1.0
2026-06-19 23:35:06,polish,1,0,1,1.0
2026-06-20 00:03:45,collected_all,269,105,374,0.7193
2026-06-20 00:03:45,steam_total,278,108,386,0.7202
2026-06-20 00:03:45,deleted_count,,,0,
2026-06-20 00:03:45,schinese,102,73,175,0.5829
2026-06-20 00:03:45,english,73,5,78,0.9359
2026-06-20 00:03:45,koreana,46,9,55,0.8364
2026-06-20 00:03:45,tchinese,18,15,33,0.5455
2026-06-20 00:03:45,russian,8,1,9,0.8889
2026-06-20 00:03:45,brazilian,3,0,3,1.0
2026-06-20 00:03:45,thai,3,0,3,1.0
2026-06-20 00:03:45,latam,3,0,3,1.0
2026-06-20 00:03:45,turkish,3,0,3,1.0
2026-06-20 00:03:45,spanish,2,1,3,0.6667
2026-06-20 00:03:45,french,2,0,2,1.0
2026-06-20 00:03:45,ukrainian,2,0,2,1.0
2026-06-20 00:03:45,german,2,0,2,1.0
2026-06-20 00:03:45,vietnamese,0,1,1,0.0
2026-06-20 00:03:45,japanese,1,0,1,1.0
2026-06-20 00:03:45,polish,1,0,1,1.0
2026-06-20 00:05:07,collected_all,269,105,374,0.7193
2026-06-20 00:05:07,steam_total,278,108,386,0.7202
2026-06-20 00:05:07,deleted_count,,,0,
2026-06-20 00:05:07,schinese,102,73,175,0.5829
2026-06-20 00:05:07,english,73,5,78,0.9359
2026-06-20 00:05:07,koreana,46,9,55,0.8364
2026-06-20 00:05:07,tchinese,18,15,33,0.5455
2026-06-20 00:05:07,russian,8,1,9,0.8889
2026-06-20 00:05:07,brazilian,3,0,3,1.0
2026-06-20 00:05:07,thai,3,0,3,1.0
2026-06-20 00:05:07,latam,3,0,3,1.0
2026-06-20 00:05:07,turkish,3,0,3,1.0
2026-06-20 00:05:07,spanish,2,1,3,0.6667
2026-06-20 00:05:07,french,2,0,2,1.0
2026-06-20 00:05:07,ukrainian,2,0,2,1.0
2026-06-20 00:05:07,german,2,0,2,1.0
2026-06-20 00:05:07,vietnamese,0,1,1,0.0
2026-06-20 00:05:07,japanese,1,0,1,1.0
2026-06-20 00:05:07,polish,1,0,1,1.0
2026-06-20 00:08:35,collected_all,280,110,390,0.7179
2026-06-20 00:08:35,steam_total,278,108,386,0.7202
2026-06-20 00:08:35,deleted_count,,,0,
2026-06-20 00:08:35,schinese,105,76,181,0.5801
2026-06-20 00:08:35,english,78,5,83,0.9398
2026-06-20 00:08:35,koreana,47,9,56,0.8393
2026-06-20 00:08:35,tchinese,20,17,37,0.5405
2026-06-20 00:08:35,russian,8,1,9,0.8889
2026-06-20 00:08:35,brazilian,3,0,3,1.0
2026-06-20 00:08:35,thai,3,0,3,1.0
2026-06-20 00:08:35,latam,3,0,3,1.0
2026-06-20 00:08:35,turkish,3,0,3,1.0
2026-06-20 00:08:35,spanish,2,1,3,0.6667
2026-06-20 00:08:35,french,2,0,2,1.0
2026-06-20 00:08:35,ukrainian,2,0,2,1.0
2026-06-20 00:08:35,german,2,0,2,1.0
2026-06-20 00:08:35,vietnamese,0,1,1,0.0
2026-06-20 00:08:35,japanese,1,0,1,1.0
2026-06-20 00:08:35,polish,1,0,1,1.0
2026-06-20 00:11:22,collected_all,280,110,390,0.7179
2026-06-20 00:11:22,steam_total,278,108,386,0.7202
2026-06-20 00:11:22,deleted_count,,,0,
2026-06-20 00:11:22,schinese,105,76,181,0.5801
2026-06-20 00:11:22,english,78,5,83,0.9398
2026-06-20 00:11:22,koreana,47,9,56,0.8393
2026-06-20 00:11:22,tchinese,20,17,37,0.5405
2026-06-20 00:11:22,russian,8,1,9,0.8889
2026-06-20 00:11:22,brazilian,3,0,3,1.0
2026-06-20 00:11:22,thai,3,0,3,1.0
2026-06-20 00:11:22,latam,3,0,3,1.0
2026-06-20 00:11:22,turkish,3,0,3,1.0
2026-06-20 00:11:22,spanish,2,1,3,0.6667
2026-06-20 00:11:22,french,2,0,2,1.0
2026-06-20 00:11:22,ukrainian,2,0,2,1.0
2026-06-20 00:11:22,german,2,0,2,1.0
2026-06-20 00:11:22,vietnamese,0,1,1,0.0
2026-06-20 00:11:22,japanese,1,0,1,1.0
2026-06-20 00:11:22,polish,1,0,1,1.0
2026-06-20 00:35:07,collected_all,280,110,390,0.7179
2026-06-20 00:35:07,steam_total,278,108,386,0.7202
2026-06-20 00:35:07,deleted_count,,,0,
2026-06-20 00:35:07,schinese,105,76,181,0.5801
2026-06-20 00:35:07,english,78,5,83,0.9398
2026-06-20 00:35:07,koreana,47,9,56,0.8393
2026-06-20 00:35:07,tchinese,20,17,37,0.5405
2026-06-20 00:35:07,russian,8,1,9,0.8889
2026-06-20 00:35:07,brazilian,3,0,3,1.0
2026-06-20 00:35:07,thai,3,0,3,1.0
2026-06-20 00:35:07,latam,3,0,3,1.0
2026-06-20 00:35:07,turkish,3,0,3,1.0
2026-06-20 00:35:07,spanish,2,1,3,0.6667
2026-06-20 00:35:07,french,2,0,2,1.0
2026-06-20 00:35:07,ukrainian,2,0,2,1.0
2026-06-20 00:35:07,german,2,0,2,1.0
2026-06-20 00:35:07,vietnamese,0,1,1,0.0
2026-06-20 00:35:07,japanese,1,0,1,1.0
2026-06-20 00:35:07,polish,1,0,1,1.0
2026-06-20 01:05:08,collected_all,280,110,390,0.7179
2026-06-20 01:05:08,steam_total,286,112,398,0.7186
2026-06-20 01:05:08,deleted_count,,,0,
2026-06-20 01:05:08,schinese,105,76,181,0.5801
2026-06-20 01:05:08,english,78,5,83,0.9398
2026-06-20 01:05:08,koreana,47,9,56,0.8393
2026-06-20 01:05:08,tchinese,20,17,37,0.5405
2026-06-20 01:05:08,russian,8,1,9,0.8889
2026-06-20 01:05:08,brazilian,3,0,3,1.0
2026-06-20 01:05:08,thai,3,0,3,1.0
2026-06-20 01:05:08,latam,3,0,3,1.0
2026-06-20 01:05:08,turkish,3,0,3,1.0
2026-06-20 01:05:08,spanish,2,1,3,0.6667
2026-06-20 01:05:08,french,2,0,2,1.0
2026-06-20 01:05:08,ukrainian,2,0,2,1.0
2026-06-20 01:05:08,german,2,0,2,1.0
2026-06-20 01:05:08,vietnamese,0,1,1,0.0
2026-06-20 01:05:08,japanese,1,0,1,1.0
2026-06-20 01:05:08,polish,1,0,1,1.0
2026-06-20 01:35:06,collected_all,286,112,398,0.7186
2026-06-20 01:35:06,steam_total,286,112,398,0.7186
2026-06-20 01:35:06,deleted_count,,,0,
2026-06-20 01:35:06,schinese,109,78,187,0.5829
2026-06-20 01:35:06,english,79,5,84,0.9405
2026-06-20 01:35:06,koreana,48,9,57,0.8421
2026-06-20 01:35:06,tchinese,20,17,37,0.5405
2026-06-20 01:35:06,russian,8,1,9,0.8889
2026-06-20 01:35:06,brazilian,3,0,3,1.0
2026-06-20 01:35:06,thai,3,0,3,1.0
2026-06-20 01:35:06,latam,3,0,3,1.0
2026-06-20 01:35:06,turkish,3,0,3,1.0
2026-06-20 01:35:06,spanish,2,1,3,0.6667
2026-06-20 01:35:06,french,2,0,2,1.0
2026-06-20 01:35:06,ukrainian,2,0,2,1.0
2026-06-20 01:35:06,german,2,0,2,1.0
2026-06-20 01:35:06,vietnamese,0,1,1,0.0
2026-06-20 01:35:06,japanese,1,0,1,1.0
2026-06-20 01:35:06,polish,1,0,1,1.0
2026-06-20 02:05:06,collected_all,286,112,398,0.7186
2026-06-20 02:05:06,steam_total,288,115,403,0.7146
2026-06-20 02:05:06,deleted_count,,,0,
2026-06-20 02:05:06,schinese,109,78,187,0.5829
2026-06-20 02:05:06,english,79,5,84,0.9405
2026-06-20 02:05:06,koreana,48,9,57,0.8421
2026-06-20 02:05:06,tchinese,20,17,37,0.5405
2026-06-20 02:05:06,russian,8,1,9,0.8889
2026-06-20 02:05:06,brazilian,3,0,3,1.0
2026-06-20 02:05:06,thai,3,0,3,1.0
2026-06-20 02:05:06,latam,3,0,3,1.0
2026-06-20 02:05:06,turkish,3,0,3,1.0
2026-06-20 02:05:06,spanish,2,1,3,0.6667
2026-06-20 02:05:06,french,2,0,2,1.0
2026-06-20 02:05:06,ukrainian,2,0,2,1.0
2026-06-20 02:05:06,german,2,0,2,1.0
2026-06-20 02:05:06,vietnamese,0,1,1,0.0
2026-06-20 02:05:06,japanese,1,0,1,1.0
2026-06-20 02:05:06,polish,1,0,1,1.0
2026-06-20 02:35:07,collected_all,286,112,398,0.7186
2026-06-20 02:35:07,steam_total,288,115,403,0.7146
2026-06-20 02:35:07,deleted_count,,,0,
2026-06-20 02:35:07,schinese,109,78,187,0.5829
2026-06-20 02:35:07,english,79,5,84,0.9405
2026-06-20 02:35:07,koreana,48,9,57,0.8421
2026-06-20 02:35:07,tchinese,20,17,37,0.5405
2026-06-20 02:35:07,russian,8,1,9,0.8889
2026-06-20 02:35:07,brazilian,3,0,3,1.0
2026-06-20 02:35:07,thai,3,0,3,1.0
2026-06-20 02:35:07,latam,3,0,3,1.0
2026-06-20 02:35:07,turkish,3,0,3,1.0
2026-06-20 02:35:07,spanish,2,1,3,0.6667
2026-06-20 02:35:07,french,2,0,2,1.0
2026-06-20 02:35:07,ukrainian,2,0,2,1.0
2026-06-20 02:35:07,german,2,0,2,1.0
2026-06-20 02:35:07,vietnamese,0,1,1,0.0
2026-06-20 02:35:07,japanese,1,0,1,1.0
2026-06-20 02:35:07,polish,1,0,1,1.0
2026-06-20 03:05:07,collected_all,293,117,410,0.7146
2026-06-20 03:05:07,steam_total,295,118,413,0.7143
2026-06-20 03:05:07,deleted_count,,,0,
2026-06-20 03:05:07,schinese,113,81,194,0.5825
2026-06-20 03:05:07,english,79,5,84,0.9405
2026-06-20 03:05:07,koreana,50,10,60,0.8333
2026-06-20 03:05:07,tchinese,21,18,39,0.5385
2026-06-20 03:05:07,russian,8,1,9,0.8889
2026-06-20 03:05:07,brazilian,3,0,3,1.0
2026-06-20 03:05:07,thai,3,0,3,1.0
2026-06-20 03:05:07,latam,3,0,3,1.0
2026-06-20 03:05:07,turkish,3,0,3,1.0
2026-06-20 03:05:07,spanish,2,1,3,0.6667
2026-06-20 03:05:07,french,2,0,2,1.0
2026-06-20 03:05:07,ukrainian,2,0,2,1.0
2026-06-20 03:05:07,german,2,0,2,1.0
2026-06-20 03:05:07,vietnamese,0,1,1,0.0
2026-06-20 03:05:07,japanese,1,0,1,1.0
2026-06-20 03:05:07,polish,1,0,1,1.0
2026-06-20 03:35:08,collected_all,293,117,410,0.7146
2026-06-20 03:35:08,steam_total,295,118,413,0.7143
2026-06-20 03:35:08,deleted_count,,,0,
2026-06-20 03:35:08,schinese,113,81,194,0.5825
2026-06-20 03:35:08,english,79,5,84,0.9405
2026-06-20 03:35:08,koreana,50,10,60,0.8333
2026-06-20 03:35:08,tchinese,21,18,39,0.5385
2026-06-20 03:35:08,russian,8,1,9,0.8889
2026-06-20 03:35:08,brazilian,3,0,3,1.0
2026-06-20 03:35:08,thai,3,0,3,1.0
2026-06-20 03:35:08,latam,3,0,3,1.0
2026-06-20 03:35:08,turkish,3,0,3,1.0
2026-06-20 03:35:08,spanish,2,1,3,0.6667
2026-06-20 03:35:08,french,2,0,2,1.0
2026-06-20 03:35:08,ukrainian,2,0,2,1.0
2026-06-20 03:35:08,german,2,0,2,1.0
2026-06-20 03:35:08,vietnamese,0,1,1,0.0
2026-06-20 03:35:08,japanese,1,0,1,1.0
2026-06-20 03:35:08,polish,1,0,1,1.0
2026-06-20 04:05:07,collected_all,300,120,420,0.7143
2026-06-20 04:05:07,steam_total,305,121,426,0.716
2026-06-20 04:05:07,deleted_count,,,0,
2026-06-20 04:05:07,schinese,115,84,199,0.5779
2026-06-20 04:05:07,english,84,5,89,0.9438
2026-06-20 04:05:07,koreana,50,10,60,0.8333
2026-06-20 04:05:07,tchinese,21,18,39,0.5385
2026-06-20 04:05:07,russian,8,1,9,0.8889
2026-06-20 04:05:07,brazilian,3,0,3,1.0
2026-06-20 04:05:07,thai,3,0,3,1.0
2026-06-20 04:05:07,latam,3,0,3,1.0
2026-06-20 04:05:07,turkish,3,0,3,1.0
2026-06-20 04:05:07,spanish,2,1,3,0.6667
2026-06-20 04:05:07,french,2,0,2,1.0
2026-06-20 04:05:07,ukrainian,2,0,2,1.0
2026-06-20 04:05:07,german,2,0,2,1.0
2026-06-20 04:05:07,vietnamese,0,1,1,0.0
2026-06-20 04:05:07,japanese,1,0,1,1.0
2026-06-20 04:05:07,polish,1,0,1,1.0
2026-06-20 04:35:07,collected_all,300,120,420,0.7143
2026-06-20 04:35:07,steam_total,305,121,426,0.716
2026-06-20 04:35:07,deleted_count,,,0,
2026-06-20 04:35:07,schinese,115,84,199,0.5779
2026-06-20 04:35:07,english,84,5,89,0.9438
2026-06-20 04:35:07,koreana,50,10,60,0.8333
2026-06-20 04:35:07,tchinese,21,18,39,0.5385
2026-06-20 04:35:07,russian,8,1,9,0.8889
2026-06-20 04:35:07,brazilian,3,0,3,1.0
2026-06-20 04:35:07,thai,3,0,3,1.0
2026-06-20 04:35:07,latam,3,0,3,1.0
2026-06-20 04:35:07,turkish,3,0,3,1.0
2026-06-20 04:35:07,spanish,2,1,3,0.6667
2026-06-20 04:35:07,french,2,0,2,1.0
2026-06-20 04:35:07,ukrainian,2,0,2,1.0
2026-06-20 04:35:07,german,2,0,2,1.0
2026-06-20 04:35:07,vietnamese,0,1,1,0.0
2026-06-20 04:35:07,japanese,1,0,1,1.0
2026-06-20 04:35:07,polish,1,0,1,1.0
2026-06-20 05:05:07,collected_all,304,123,427,0.7119
2026-06-20 05:05:07,steam_total,311,121,432,0.7199
2026-06-20 05:05:07,deleted_count,,,0,
2026-06-20 05:05:07,schinese,115,87,202,0.5693
2026-06-20 05:05:07,english,86,5,91,0.9451
2026-06-20 05:05:07,koreana,50,10,60,0.8333
2026-06-20 05:05:07,tchinese,21,18,39,0.5385
2026-06-20 05:05:07,russian,8,1,9,0.8889
2026-06-20 05:05:07,thai,4,0,4,1.0
2026-06-20 05:05:07,brazilian,3,0,3,1.0
2026-06-20 05:05:07,french,3,0,3,1.0
2026-06-20 05:05:07,latam,3,0,3,1.0
2026-06-20 05:05:07,turkish,3,0,3,1.0
2026-06-20 05:05:07,spanish,2,1,3,0.6667
2026-06-20 05:05:07,ukrainian,2,0,2,1.0
2026-06-20 05:05:07,german,2,0,2,1.0
2026-06-20 05:05:07,vietnamese,0,1,1,0.0
2026-06-20 05:05:07,japanese,1,0,1,1.0
2026-06-20 05:05:07,polish,1,0,1,1.0
2026-06-20 05:35:08,collected_all,307,120,427,0.719
2026-06-20 05:35:08,steam_total,311,121,432,0.7199
2026-06-20 05:35:08,deleted_count,,,0,
2026-06-20 05:35:08,schinese,117,85,202,0.5792
2026-06-20 05:35:08,english,86,5,91,0.9451
2026-06-20 05:35:08,koreana,50,10,60,0.8333
2026-06-20 05:35:08,tchinese,22,17,39,0.5641
2026-06-20 05:35:08,russian,8,1,9,0.8889
2026-06-20 05:35:08,thai,4,0,4,1.0
2026-06-20 05:35:08,brazilian,3,0,3,1.0
2026-06-20 05:35:08,french,3,0,3,1.0
2026-06-20 05:35:08,latam,3,0,3,1.0
2026-06-20 05:35:08,turkish,3,0,3,1.0
2026-06-20 05:35:08,spanish,2,1,3,0.6667
2026-06-20 05:35:08,ukrainian,2,0,2,1.0
2026-06-20 05:35:08,german,2,0,2,1.0
2026-06-20 05:35:08,vietnamese,0,1,1,0.0
2026-06-20 05:35:08,japanese,1,0,1,1.0
2026-06-20 05:35:08,polish,1,0,1,1.0
2026-06-20 06:05:07,collected_all,315,122,437,0.7208
2026-06-20 06:05:07,steam_total,318,122,440,0.7227
2026-06-20 06:05:07,deleted_count,,,0,
2026-06-20 06:05:07,schinese,118,87,205,0.5756
2026-06-20 06:05:07,english,91,5,96,0.9479
2026-06-20 06:05:07,koreana,51,10,61,0.8361
2026-06-20 06:05:07,tchinese,22,17,39,0.5641
2026-06-20 06:05:07,russian,8,1,9,0.8889
2026-06-20 06:05:07,thai,4,0,4,1.0
2026-06-20 06:05:07,brazilian,3,0,3,1.0
2026-06-20 06:05:07,french,3,0,3,1.0
2026-06-20 06:05:07,latam,3,0,3,1.0
2026-06-20 06:05:07,turkish,3,0,3,1.0
2026-06-20 06:05:07,german,3,0,3,1.0
2026-06-20 06:05:07,spanish,2,1,3,0.6667
2026-06-20 06:05:07,ukrainian,2,0,2,1.0
2026-06-20 06:05:07,vietnamese,0,1,1,0.0
2026-06-20 06:05:07,japanese,1,0,1,1.0
2026-06-20 06:05:07,polish,1,0,1,1.0
2026-06-20 06:35:09,collected_all,315,122,437,0.7208
2026-06-20 06:35:09,steam_total,318,122,440,0.7227
2026-06-20 06:35:09,deleted_count,,,0,
2026-06-20 06:35:09,schinese,118,87,205,0.5756
2026-06-20 06:35:09,english,91,5,96,0.9479
2026-06-20 06:35:09,koreana,51,10,61,0.8361
2026-06-20 06:35:09,tchinese,22,17,39,0.5641
2026-06-20 06:35:09,russian,8,1,9,0.8889
2026-06-20 06:35:09,thai,4,0,4,1.0
2026-06-20 06:35:09,brazilian,3,0,3,1.0
2026-06-20 06:35:09,french,3,0,3,1.0
2026-06-20 06:35:09,latam,3,0,3,1.0
2026-06-20 06:35:09,turkish,3,0,3,1.0
2026-06-20 06:35:09,german,3,0,3,1.0
2026-06-20 06:35:09,spanish,2,1,3,0.6667
2026-06-20 06:35:09,ukrainian,2,0,2,1.0
2026-06-20 06:35:09,vietnamese,0,1,1,0.0
2026-06-20 06:35:09,japanese,1,0,1,1.0
2026-06-20 06:35:09,polish,1,0,1,1.0
2026-06-20 07:05:07,collected_all,320,122,442,0.724
2026-06-20 07:05:07,steam_total,322,122,444,0.7252
2026-06-20 07:05:07,deleted_count,,,0,
2026-06-20 07:05:07,schinese,118,87,205,0.5756
2026-06-20 07:05:07,english,94,5,99,0.9495
2026-06-20 07:05:07,koreana,51,10,61,0.8361
2026-06-20 07:05:07,tchinese,24,17,41,0.5854
2026-06-20 07:05:07,russian,8,1,9,0.8889
2026-06-20 07:05:07,thai,4,0,4,1.0
2026-06-20 07:05:07,brazilian,3,0,3,1.0
2026-06-20 07:05:07,french,3,0,3,1.0
2026-06-20 07:05:07,latam,3,0,3,1.0
2026-06-20 07:05:07,turkish,3,0,3,1.0
2026-06-20 07:05:07,german,3,0,3,1.0
2026-06-20 07:05:07,spanish,2,1,3,0.6667
2026-06-20 07:05:07,ukrainian,2,0,2,1.0
2026-06-20 07:05:07,vietnamese,0,1,1,0.0
2026-06-20 07:05:07,japanese,1,0,1,1.0
2026-06-20 07:05:07,polish,1,0,1,1.0
2026-06-20 07:35:08,collected_all,320,122,442,0.724
2026-06-20 07:35:08,steam_total,322,122,444,0.7252
2026-06-20 07:35:08,deleted_count,,,0,
2026-06-20 07:35:08,schinese,118,87,205,0.5756
2026-06-20 07:35:08,english,94,5,99,0.9495
2026-06-20 07:35:08,koreana,51,10,61,0.8361
2026-06-20 07:35:08,tchinese,24,17,41,0.5854
2026-06-20 07:35:08,russian,8,1,9,0.8889
2026-06-20 07:35:08,thai,4,0,4,1.0
2026-06-20 07:35:08,brazilian,3,0,3,1.0
2026-06-20 07:35:08,french,3,0,3,1.0
2026-06-20 07:35:08,latam,3,0,3,1.0
2026-06-20 07:35:08,turkish,3,0,3,1.0
2026-06-20 07:35:08,german,3,0,3,1.0
2026-06-20 07:35:08,spanish,2,1,3,0.6667
2026-06-20 07:35:08,ukrainian,2,0,2,1.0
2026-06-20 07:35:08,vietnamese,0,1,1,0.0
2026-06-20 07:35:08,japanese,1,0,1,1.0
2026-06-20 07:35:08,polish,1,0,1,1.0
